username,datetime,contribution
PepperCai,2018-09-17,0
PepperCai,2018-09-18,0
PepperCai,2018-09-19,0
PepperCai,2018-09-20,0
PepperCai,2018-09-21,0
PepperCai,2018-09-22,0
PepperCai,2018-09-23,0
PepperCai,2018-09-24,0
PepperCai,2018-09-25,0
PepperCai,2018-09-26,0
PepperCai,2018-09-27,0
PepperCai,2018-09-28,0
PepperCai,2018-09-29,0
PepperCai,2018-09-30,0
PepperCai,2018-10-01,0
PepperCai,2018-10-02,0
PepperCai,2018-10-03,0
PepperCai,2018-10-04,0
PepperCai,2018-10-05,0
PepperCai,2018-10-06,0
PepperCai,2018-10-07,0
PepperCai,2018-10-08,0
PepperCai,2018-10-09,0
PepperCai,2018-10-10,0
PepperCai,2018-10-11,0
PepperCai,2018-10-12,0
PepperCai,2018-10-13,0
PepperCai,2018-10-14,0
PepperCai,2018-10-15,0
PepperCai,2018-10-16,0
PepperCai,2018-10-17,0
PepperCai,2018-10-18,0
PepperCai,2018-10-19,0
PepperCai,2018-10-20,0
PepperCai,2018-10-21,0
PepperCai,2018-10-22,0
PepperCai,2018-10-23,0
DidoChan,2018-09-17,0
DidoChan,2018-09-18,0
DidoChan,2018-09-19,0
DidoChan,2018-09-20,0
DidoChan,2018-09-21,0
DidoChan,2018-09-22,0
DidoChan,2018-09-23,0
DidoChan,2018-09-24,0
DidoChan,2018-09-25,0
DidoChan,2018-09-26,0
DidoChan,2018-09-27,0
DidoChan,2018-09-28,0
DidoChan,2018-09-29,0
DidoChan,2018-09-30,0
DidoChan,2018-10-01,0
DidoChan,2018-10-02,0
DidoChan,2018-10-03,0
DidoChan,2018-10-04,0
DidoChan,2018-10-05,0
DidoChan,2018-10-06,0
DidoChan,2018-10-07,0
DidoChan,2018-10-08,0
DidoChan,2018-10-09,0
DidoChan,2018-10-10,0
DidoChan,2018-10-11,0
DidoChan,2018-10-12,0
DidoChan,2018-10-13,0
DidoChan,2018-10-14,0
DidoChan,2018-10-15,0
DidoChan,2018-10-16,0
DidoChan,2018-10-17,0
DidoChan,2018-10-18,0
DidoChan,2018-10-19,0
DidoChan,2018-10-20,0
DidoChan,2018-10-21,5
DidoChan,2018-10-22,1
DidoChan,2018-10-23,0
Shinonomee,2018-09-17,0
Shinonomee,2018-09-18,0
Shinonomee,2018-09-19,0
Shinonomee,2018-09-20,0
Shinonomee,2018-09-21,0
Shinonomee,2018-09-22,0
Shinonomee,2018-09-23,0
Shinonomee,2018-09-24,0
Shinonomee,2018-09-25,0
Shinonomee,2018-09-26,0
Shinonomee,2018-09-27,0
Shinonomee,2018-09-28,0
Shinonomee,2018-09-29,0
Shinonomee,2018-09-30,0
Shinonomee,2018-10-01,0
Shinonomee,2018-10-02,0
Shinonomee,2018-10-03,0
Shinonomee,2018-10-04,0
Shinonomee,2018-10-05,0
Shinonomee,2018-10-06,0
Shinonomee,2018-10-07,0
Shinonomee,2018-10-08,0
Shinonomee,2018-10-09,0
Shinonomee,2018-10-10,0
Shinonomee,2018-10-11,0
Shinonomee,2018-10-12,0
Shinonomee,2018-10-13,0
Shinonomee,2018-10-14,0
Shinonomee,2018-10-15,0
Shinonomee,2018-10-16,0
Shinonomee,2018-10-17,0
Shinonomee,2018-10-18,0
Shinonomee,2018-10-19,0
Shinonomee,2018-10-20,0
Shinonomee,2018-10-21,0
Shinonomee,2018-10-22,0
Shinonomee,2018-10-23,2
Jasmine-dudu,2018-09-17,0
Jasmine-dudu,2018-09-18,0
Jasmine-dudu,2018-09-19,0
Jasmine-dudu,2018-09-20,0
Jasmine-dudu,2018-09-21,0
Jasmine-dudu,2018-09-22,0
Jasmine-dudu,2018-09-23,0
Jasmine-dudu,2018-09-24,0
Jasmine-dudu,2018-09-25,0
Jasmine-dudu,2018-09-26,0
Jasmine-dudu,2018-09-27,0
Jasmine-dudu,2018-09-28,0
Jasmine-dudu,2018-09-29,0
Jasmine-dudu,2018-09-30,0
Jasmine-dudu,2018-10-01,0
Jasmine-dudu,2018-10-02,0
Jasmine-dudu,2018-10-03,0
Jasmine-dudu,2018-10-04,0
Jasmine-dudu,2018-10-05,0
Jasmine-dudu,2018-10-06,0
Jasmine-dudu,2018-10-07,0
Jasmine-dudu,2018-10-08,0
Jasmine-dudu,2018-10-09,0
Jasmine-dudu,2018-10-10,0
Jasmine-dudu,2018-10-11,0
Jasmine-dudu,2018-10-12,0
Jasmine-dudu,2018-10-13,0
Jasmine-dudu,2018-10-14,0
Jasmine-dudu,2018-10-15,0
Jasmine-dudu,2018-10-16,0
Jasmine-dudu,2018-10-17,1
Jasmine-dudu,2018-10-18,0
Jasmine-dudu,2018-10-19,0
Jasmine-dudu,2018-10-20,0
Jasmine-dudu,2018-10-21,0
Jasmine-dudu,2018-10-22,0
Jasmine-dudu,2018-10-23,0
FLYSTEPHEN,2018-09-17,9
FLYSTEPHEN,2018-09-18,0
FLYSTEPHEN,2018-09-19,0
FLYSTEPHEN,2018-09-20,0
FLYSTEPHEN,2018-09-21,0
FLYSTEPHEN,2018-09-22,0
FLYSTEPHEN,2018-09-23,1
FLYSTEPHEN,2018-09-24,3
FLYSTEPHEN,2018-09-25,0
FLYSTEPHEN,2018-09-26,0
FLYSTEPHEN,2018-09-27,0
FLYSTEPHEN,2018-09-28,1
FLYSTEPHEN,2018-09-29,0
FLYSTEPHEN,2018-09-30,0
FLYSTEPHEN,2018-10-01,0
FLYSTEPHEN,2018-10-02,0
FLYSTEPHEN,2018-10-03,0
FLYSTEPHEN,2018-10-04,0
FLYSTEPHEN,2018-10-05,0
FLYSTEPHEN,2018-10-06,1
FLYSTEPHEN,2018-10-07,0
FLYSTEPHEN,2018-10-08,0
FLYSTEPHEN,2018-10-09,0
FLYSTEPHEN,2018-10-10,0
FLYSTEPHEN,2018-10-11,0
FLYSTEPHEN,2018-10-12,1
FLYSTEPHEN,2018-10-13,1
FLYSTEPHEN,2018-10-14,0
FLYSTEPHEN,2018-10-15,12
FLYSTEPHEN,2018-10-16,0
FLYSTEPHEN,2018-10-17,0
FLYSTEPHEN,2018-10-18,2
FLYSTEPHEN,2018-10-19,4
FLYSTEPHEN,2018-10-20,0
FLYSTEPHEN,2018-10-21,0
FLYSTEPHEN,2018-10-22,12
FLYSTEPHEN,2018-10-23,5
guminyi,2018-09-17,0
guminyi,2018-09-18,0
guminyi,2018-09-19,0
guminyi,2018-09-20,0
guminyi,2018-09-21,0
guminyi,2018-09-22,0
guminyi,2018-09-23,0
guminyi,2018-09-24,0
guminyi,2018-09-25,0
guminyi,2018-09-26,0
guminyi,2018-09-27,0
guminyi,2018-09-28,0
guminyi,2018-09-29,0
guminyi,2018-09-30,0
guminyi,2018-10-01,0
guminyi,2018-10-02,0
guminyi,2018-10-03,0
guminyi,2018-10-04,0
guminyi,2018-10-05,0
guminyi,2018-10-06,0
guminyi,2018-10-07,0
guminyi,2018-10-08,0
guminyi,2018-10-09,0
guminyi,2018-10-10,0
guminyi,2018-10-11,0
guminyi,2018-10-12,0
guminyi,2018-10-13,0
guminyi,2018-10-14,0
guminyi,2018-10-15,0
guminyi,2018-10-16,0
guminyi,2018-10-17,0
guminyi,2018-10-18,0
guminyi,2018-10-19,0
guminyi,2018-10-20,0
guminyi,2018-10-21,0
guminyi,2018-10-22,1
guminyi,2018-10-23,0
trista520,2018-09-17,0
trista520,2018-09-18,0
trista520,2018-09-19,0
trista520,2018-09-20,0
trista520,2018-09-21,0
trista520,2018-09-22,0
trista520,2018-09-23,0
trista520,2018-09-24,0
trista520,2018-09-25,0
trista520,2018-09-26,0
trista520,2018-09-27,0
trista520,2018-09-28,0
trista520,2018-09-29,0
trista520,2018-09-30,0
trista520,2018-10-01,0
trista520,2018-10-02,0
trista520,2018-10-03,0
trista520,2018-10-04,0
trista520,2018-10-05,0
trista520,2018-10-06,0
trista520,2018-10-07,0
trista520,2018-10-08,0
trista520,2018-10-09,0
trista520,2018-10-10,0
trista520,2018-10-11,0
trista520,2018-10-12,0
trista520,2018-10-13,0
trista520,2018-10-14,0
trista520,2018-10-15,0
trista520,2018-10-16,0
trista520,2018-10-17,0
trista520,2018-10-18,0
trista520,2018-10-19,0
trista520,2018-10-20,3
trista520,2018-10-21,1
trista520,2018-10-22,0
trista520,2018-10-23,0
Rita0719,2018-09-17,0
Rita0719,2018-09-18,0
Rita0719,2018-09-19,0
Rita0719,2018-09-20,0
Rita0719,2018-09-21,0
Rita0719,2018-09-22,0
Rita0719,2018-09-23,0
Rita0719,2018-09-24,0
Rita0719,2018-09-25,0
Rita0719,2018-09-26,0
Rita0719,2018-09-27,0
Rita0719,2018-09-28,0
Rita0719,2018-09-29,0
Rita0719,2018-09-30,0
Rita0719,2018-10-01,0
Rita0719,2018-10-02,0
Rita0719,2018-10-03,0
Rita0719,2018-10-04,0
Rita0719,2018-10-05,0
Rita0719,2018-10-06,0
Rita0719,2018-10-07,0
Rita0719,2018-10-08,0
Rita0719,2018-10-09,0
Rita0719,2018-10-10,0
Rita0719,2018-10-11,0
Rita0719,2018-10-12,0
Rita0719,2018-10-13,0
Rita0719,2018-10-14,0
Rita0719,2018-10-15,0
Rita0719,2018-10-16,0
Rita0719,2018-10-17,0
Rita0719,2018-10-18,0
Rita0719,2018-10-19,0
Rita0719,2018-10-20,4
Rita0719,2018-10-21,0
Rita0719,2018-10-22,0
Rita0719,2018-10-23,3
Wong-Ming,2018-09-17,0
Wong-Ming,2018-09-18,0
Wong-Ming,2018-09-19,0
Wong-Ming,2018-09-20,0
Wong-Ming,2018-09-21,0
Wong-Ming,2018-09-22,0
Wong-Ming,2018-09-23,0
Wong-Ming,2018-09-24,0
Wong-Ming,2018-09-25,0
Wong-Ming,2018-09-26,0
Wong-Ming,2018-09-27,0
Wong-Ming,2018-09-28,0
Wong-Ming,2018-09-29,0
Wong-Ming,2018-09-30,0
Wong-Ming,2018-10-01,0
Wong-Ming,2018-10-02,0
Wong-Ming,2018-10-03,0
Wong-Ming,2018-10-04,0
Wong-Ming,2018-10-05,0
Wong-Ming,2018-10-06,0
Wong-Ming,2018-10-07,0
Wong-Ming,2018-10-08,0
Wong-Ming,2018-10-09,0
Wong-Ming,2018-10-10,0
Wong-Ming,2018-10-11,0
Wong-Ming,2018-10-12,0
Wong-Ming,2018-10-13,0
Wong-Ming,2018-10-14,0
Wong-Ming,2018-10-15,0
Wong-Ming,2018-10-16,0
Wong-Ming,2018-10-17,0
Wong-Ming,2018-10-18,0
Wong-Ming,2018-10-19,0
Wong-Ming,2018-10-20,0
Wong-Ming,2018-10-21,0
Wong-Ming,2018-10-22,0
Wong-Ming,2018-10-23,4
18408532,2018-09-17,0
18408532,2018-09-18,0
18408532,2018-09-19,0
18408532,2018-09-20,0
18408532,2018-09-21,0
18408532,2018-09-22,0
18408532,2018-09-23,0
18408532,2018-09-24,0
18408532,2018-09-25,0
18408532,2018-09-26,0
18408532,2018-09-27,0
18408532,2018-09-28,0
18408532,2018-09-29,0
18408532,2018-09-30,0
18408532,2018-10-01,0
18408532,2018-10-02,0
18408532,2018-10-03,0
18408532,2018-10-04,0
18408532,2018-10-05,0
18408532,2018-10-06,0
18408532,2018-10-07,0
18408532,2018-10-08,0
18408532,2018-10-09,0
18408532,2018-10-10,0
18408532,2018-10-11,0
18408532,2018-10-12,0
18408532,2018-10-13,0
18408532,2018-10-14,0
18408532,2018-10-15,0
18408532,2018-10-16,0
18408532,2018-10-17,0
18408532,2018-10-18,1
18408532,2018-10-19,1
18408532,2018-10-20,0
18408532,2018-10-21,1
18408532,2018-10-22,1
18408532,2018-10-23,0
clairelau0108,2018-09-17,0
clairelau0108,2018-09-18,0
clairelau0108,2018-09-19,0
clairelau0108,2018-09-20,0
clairelau0108,2018-09-21,0
clairelau0108,2018-09-22,0
clairelau0108,2018-09-23,0
clairelau0108,2018-09-24,0
clairelau0108,2018-09-25,0
clairelau0108,2018-09-26,0
clairelau0108,2018-09-27,0
clairelau0108,2018-09-28,0
clairelau0108,2018-09-29,0
clairelau0108,2018-09-30,0
clairelau0108,2018-10-01,0
clairelau0108,2018-10-02,0
clairelau0108,2018-10-03,0
clairelau0108,2018-10-04,0
clairelau0108,2018-10-05,1
clairelau0108,2018-10-06,0
clairelau0108,2018-10-07,0
clairelau0108,2018-10-08,0
clairelau0108,2018-10-09,0
clairelau0108,2018-10-10,0
clairelau0108,2018-10-11,0
clairelau0108,2018-10-12,0
clairelau0108,2018-10-13,0
clairelau0108,2018-10-14,0
clairelau0108,2018-10-15,0
clairelau0108,2018-10-16,0
clairelau0108,2018-10-17,0
clairelau0108,2018-10-18,0
clairelau0108,2018-10-19,0
clairelau0108,2018-10-20,0
clairelau0108,2018-10-21,3
clairelau0108,2018-10-22,1
clairelau0108,2018-10-23,3
hakutoccino,2018-09-17,0
hakutoccino,2018-09-18,0
hakutoccino,2018-09-19,0
hakutoccino,2018-09-20,0
hakutoccino,2018-09-21,1
hakutoccino,2018-09-22,0
hakutoccino,2018-09-23,0
hakutoccino,2018-09-24,0
hakutoccino,2018-09-25,0
hakutoccino,2018-09-26,0
hakutoccino,2018-09-27,0
hakutoccino,2018-09-28,0
hakutoccino,2018-09-29,0
hakutoccino,2018-09-30,0
hakutoccino,2018-10-01,0
hakutoccino,2018-10-02,0
hakutoccino,2018-10-03,0
hakutoccino,2018-10-04,0
hakutoccino,2018-10-05,0
hakutoccino,2018-10-06,0
hakutoccino,2018-10-07,0
hakutoccino,2018-10-08,0
hakutoccino,2018-10-09,0
hakutoccino,2018-10-10,0
hakutoccino,2018-10-11,0
hakutoccino,2018-10-12,0
hakutoccino,2018-10-13,0
hakutoccino,2018-10-14,0
hakutoccino,2018-10-15,0
hakutoccino,2018-10-16,0
hakutoccino,2018-10-17,0
hakutoccino,2018-10-18,0
hakutoccino,2018-10-19,0
hakutoccino,2018-10-20,0
hakutoccino,2018-10-21,0
hakutoccino,2018-10-22,0
hakutoccino,2018-10-23,9
JIEYI22,2018-09-17,0
JIEYI22,2018-09-18,0
JIEYI22,2018-09-19,0
JIEYI22,2018-09-20,0
JIEYI22,2018-09-21,0
JIEYI22,2018-09-22,0
JIEYI22,2018-09-23,0
JIEYI22,2018-09-24,0
JIEYI22,2018-09-25,0
JIEYI22,2018-09-26,0
JIEYI22,2018-09-27,0
JIEYI22,2018-09-28,0
JIEYI22,2018-09-29,0
JIEYI22,2018-09-30,0
JIEYI22,2018-10-01,0
JIEYI22,2018-10-02,0
JIEYI22,2018-10-03,0
JIEYI22,2018-10-04,0
JIEYI22,2018-10-05,0
JIEYI22,2018-10-06,0
JIEYI22,2018-10-07,0
JIEYI22,2018-10-08,0
JIEYI22,2018-10-09,0
JIEYI22,2018-10-10,0
JIEYI22,2018-10-11,0
JIEYI22,2018-10-12,0
JIEYI22,2018-10-13,0
JIEYI22,2018-10-14,10
JIEYI22,2018-10-15,3
JIEYI22,2018-10-16,0
JIEYI22,2018-10-17,0
JIEYI22,2018-10-18,0
JIEYI22,2018-10-19,0
JIEYI22,2018-10-20,0
JIEYI22,2018-10-21,0
JIEYI22,2018-10-22,0
JIEYI22,2018-10-23,0
coolxu8888,2018-09-17,0
coolxu8888,2018-09-18,0
coolxu8888,2018-09-19,0
coolxu8888,2018-09-20,0
coolxu8888,2018-09-21,0
coolxu8888,2018-09-22,0
coolxu8888,2018-09-23,0
coolxu8888,2018-09-24,0
coolxu8888,2018-09-25,0
coolxu8888,2018-09-26,0
coolxu8888,2018-09-27,0
coolxu8888,2018-09-28,0
coolxu8888,2018-09-29,0
coolxu8888,2018-09-30,0
coolxu8888,2018-10-01,0
coolxu8888,2018-10-02,0
coolxu8888,2018-10-03,0
coolxu8888,2018-10-04,0
coolxu8888,2018-10-05,0
coolxu8888,2018-10-06,0
coolxu8888,2018-10-07,0
coolxu8888,2018-10-08,0
coolxu8888,2018-10-09,0
coolxu8888,2018-10-10,0
coolxu8888,2018-10-11,0
coolxu8888,2018-10-12,0
coolxu8888,2018-10-13,0
coolxu8888,2018-10-14,0
coolxu8888,2018-10-15,0
coolxu8888,2018-10-16,0
coolxu8888,2018-10-17,0
coolxu8888,2018-10-18,2
coolxu8888,2018-10-19,2
coolxu8888,2018-10-20,0
coolxu8888,2018-10-21,0
coolxu8888,2018-10-22,0
coolxu8888,2018-10-23,2
AlexZenghuashan,2018-09-17,0
AlexZenghuashan,2018-09-18,0
AlexZenghuashan,2018-09-19,0
AlexZenghuashan,2018-09-20,0
AlexZenghuashan,2018-09-21,0
AlexZenghuashan,2018-09-22,0
AlexZenghuashan,2018-09-23,0
AlexZenghuashan,2018-09-24,0
AlexZenghuashan,2018-09-25,0
AlexZenghuashan,2018-09-26,0
AlexZenghuashan,2018-09-27,0
AlexZenghuashan,2018-09-28,0
AlexZenghuashan,2018-09-29,0
AlexZenghuashan,2018-09-30,0
AlexZenghuashan,2018-10-01,0
AlexZenghuashan,2018-10-02,0
AlexZenghuashan,2018-10-03,0
AlexZenghuashan,2018-10-04,0
AlexZenghuashan,2018-10-05,0
AlexZenghuashan,2018-10-06,0
AlexZenghuashan,2018-10-07,0
AlexZenghuashan,2018-10-08,0
AlexZenghuashan,2018-10-09,0
AlexZenghuashan,2018-10-10,0
AlexZenghuashan,2018-10-11,0
AlexZenghuashan,2018-10-12,0
AlexZenghuashan,2018-10-13,0
AlexZenghuashan,2018-10-14,1
AlexZenghuashan,2018-10-15,0
AlexZenghuashan,2018-10-16,2
AlexZenghuashan,2018-10-17,2
AlexZenghuashan,2018-10-18,0
AlexZenghuashan,2018-10-19,0
AlexZenghuashan,2018-10-20,0
AlexZenghuashan,2018-10-21,0
AlexZenghuashan,2018-10-22,0
AlexZenghuashan,2018-10-23,0
zacharyzeng,2018-09-17,1
zacharyzeng,2018-09-18,0
zacharyzeng,2018-09-19,0
zacharyzeng,2018-09-20,0
zacharyzeng,2018-09-21,0
zacharyzeng,2018-09-22,0
zacharyzeng,2018-09-23,0
zacharyzeng,2018-09-24,0
zacharyzeng,2018-09-25,0
zacharyzeng,2018-09-26,0
zacharyzeng,2018-09-27,0
zacharyzeng,2018-09-28,0
zacharyzeng,2018-09-29,0
zacharyzeng,2018-09-30,0
zacharyzeng,2018-10-01,0
zacharyzeng,2018-10-02,0
zacharyzeng,2018-10-03,0
zacharyzeng,2018-10-04,1
zacharyzeng,2018-10-05,0
zacharyzeng,2018-10-06,0
zacharyzeng,2018-10-07,0
zacharyzeng,2018-10-08,0
zacharyzeng,2018-10-09,0
zacharyzeng,2018-10-10,0
zacharyzeng,2018-10-11,0
zacharyzeng,2018-10-12,0
zacharyzeng,2018-10-13,0
zacharyzeng,2018-10-14,0
zacharyzeng,2018-10-15,0
zacharyzeng,2018-10-16,0
zacharyzeng,2018-10-17,0
zacharyzeng,2018-10-18,0
zacharyzeng,2018-10-19,0
zacharyzeng,2018-10-20,0
zacharyzeng,2018-10-21,0
zacharyzeng,2018-10-22,0
zacharyzeng,2018-10-23,1
ZhangNingNina,2018-09-17,0
ZhangNingNina,2018-09-18,0
ZhangNingNina,2018-09-19,0
ZhangNingNina,2018-09-20,0
ZhangNingNina,2018-09-21,0
ZhangNingNina,2018-09-22,0
ZhangNingNina,2018-09-23,0
ZhangNingNina,2018-09-24,0
ZhangNingNina,2018-09-25,0
ZhangNingNina,2018-09-26,0
ZhangNingNina,2018-09-27,0
ZhangNingNina,2018-09-28,2
ZhangNingNina,2018-09-29,0
ZhangNingNina,2018-09-30,0
ZhangNingNina,2018-10-01,0
ZhangNingNina,2018-10-02,0
ZhangNingNina,2018-10-03,0
ZhangNingNina,2018-10-04,0
ZhangNingNina,2018-10-05,0
ZhangNingNina,2018-10-06,0
ZhangNingNina,2018-10-07,0
ZhangNingNina,2018-10-08,0
ZhangNingNina,2018-10-09,0
ZhangNingNina,2018-10-10,0
ZhangNingNina,2018-10-11,0
ZhangNingNina,2018-10-12,0
ZhangNingNina,2018-10-13,0
ZhangNingNina,2018-10-14,0
ZhangNingNina,2018-10-15,0
ZhangNingNina,2018-10-16,0
ZhangNingNina,2018-10-17,0
ZhangNingNina,2018-10-18,2
ZhangNingNina,2018-10-19,0
ZhangNingNina,2018-10-20,0
ZhangNingNina,2018-10-21,0
ZhangNingNina,2018-10-22,0
ZhangNingNina,2018-10-23,0
elusiveburglar,2018-09-17,0
elusiveburglar,2018-09-18,0
elusiveburglar,2018-09-19,0
elusiveburglar,2018-09-20,0
elusiveburglar,2018-09-21,0
elusiveburglar,2018-09-22,0
elusiveburglar,2018-09-23,0
elusiveburglar,2018-09-24,0
elusiveburglar,2018-09-25,0
elusiveburglar,2018-09-26,0
elusiveburglar,2018-09-27,0
elusiveburglar,2018-09-28,0
elusiveburglar,2018-09-29,0
elusiveburglar,2018-09-30,0
elusiveburglar,2018-10-01,0
elusiveburglar,2018-10-02,0
elusiveburglar,2018-10-03,0
elusiveburglar,2018-10-04,0
elusiveburglar,2018-10-05,0
elusiveburglar,2018-10-06,0
elusiveburglar,2018-10-07,0
elusiveburglar,2018-10-08,0
elusiveburglar,2018-10-09,1
elusiveburglar,2018-10-10,0
elusiveburglar,2018-10-11,0
elusiveburglar,2018-10-12,0
elusiveburglar,2018-10-13,0
elusiveburglar,2018-10-14,0
elusiveburglar,2018-10-15,0
elusiveburglar,2018-10-16,0
elusiveburglar,2018-10-17,0
elusiveburglar,2018-10-18,0
elusiveburglar,2018-10-19,0
elusiveburglar,2018-10-20,0
elusiveburglar,2018-10-21,0
elusiveburglar,2018-10-22,0
elusiveburglar,2018-10-23,10
maggie0114,2018-09-17,1
maggie0114,2018-09-18,0
maggie0114,2018-09-19,0
maggie0114,2018-09-20,0
maggie0114,2018-09-21,0
maggie0114,2018-09-22,0
maggie0114,2018-09-23,0
maggie0114,2018-09-24,2
maggie0114,2018-09-25,0
maggie0114,2018-09-26,0
maggie0114,2018-09-27,0
maggie0114,2018-09-28,0
maggie0114,2018-09-29,0
maggie0114,2018-09-30,0
maggie0114,2018-10-01,0
maggie0114,2018-10-02,0
maggie0114,2018-10-03,0
maggie0114,2018-10-04,0
maggie0114,2018-10-05,0
maggie0114,2018-10-06,0
maggie0114,2018-10-07,0
maggie0114,2018-10-08,0
maggie0114,2018-10-09,0
maggie0114,2018-10-10,0
maggie0114,2018-10-11,0
maggie0114,2018-10-12,0
maggie0114,2018-10-13,0
maggie0114,2018-10-14,0
maggie0114,2018-10-15,0
maggie0114,2018-10-16,0
maggie0114,2018-10-17,0
maggie0114,2018-10-18,0
maggie0114,2018-10-19,0
maggie0114,2018-10-20,0
maggie0114,2018-10-21,0
maggie0114,2018-10-22,0
maggie0114,2018-10-23,1
efncij,2018-09-17,0
efncij,2018-09-18,0
efncij,2018-09-19,0
efncij,2018-09-20,0
efncij,2018-09-21,0
efncij,2018-09-22,0
efncij,2018-09-23,0
efncij,2018-09-24,0
efncij,2018-09-25,0
efncij,2018-09-26,0
efncij,2018-09-27,0
efncij,2018-09-28,0
efncij,2018-09-29,0
efncij,2018-09-30,0
efncij,2018-10-01,0
efncij,2018-10-02,0
efncij,2018-10-03,0
efncij,2018-10-04,0
efncij,2018-10-05,0
efncij,2018-10-06,0
efncij,2018-10-07,0
efncij,2018-10-08,0
efncij,2018-10-09,0
efncij,2018-10-10,0
efncij,2018-10-11,0
efncij,2018-10-12,0
efncij,2018-10-13,0
efncij,2018-10-14,0
efncij,2018-10-15,0
efncij,2018-10-16,0
efncij,2018-10-17,0
efncij,2018-10-18,0
efncij,2018-10-19,0
efncij,2018-10-20,4
efncij,2018-10-21,1
efncij,2018-10-22,0
efncij,2018-10-23,0
Lsn-cecilia,2018-09-17,0
Lsn-cecilia,2018-09-18,0
Lsn-cecilia,2018-09-19,0
Lsn-cecilia,2018-09-20,0
Lsn-cecilia,2018-09-21,0
Lsn-cecilia,2018-09-22,0
Lsn-cecilia,2018-09-23,0
Lsn-cecilia,2018-09-24,0
Lsn-cecilia,2018-09-25,0
Lsn-cecilia,2018-09-26,0
Lsn-cecilia,2018-09-27,0
Lsn-cecilia,2018-09-28,0
Lsn-cecilia,2018-09-29,0
Lsn-cecilia,2018-09-30,0
Lsn-cecilia,2018-10-01,0
Lsn-cecilia,2018-10-02,0
Lsn-cecilia,2018-10-03,0
Lsn-cecilia,2018-10-04,0
Lsn-cecilia,2018-10-05,0
Lsn-cecilia,2018-10-06,0
Lsn-cecilia,2018-10-07,0
Lsn-cecilia,2018-10-08,0
Lsn-cecilia,2018-10-09,0
Lsn-cecilia,2018-10-10,0
Lsn-cecilia,2018-10-11,0
Lsn-cecilia,2018-10-12,0
Lsn-cecilia,2018-10-13,0
Lsn-cecilia,2018-10-14,0
Lsn-cecilia,2018-10-15,0
Lsn-cecilia,2018-10-16,0
Lsn-cecilia,2018-10-17,0
Lsn-cecilia,2018-10-18,0
Lsn-cecilia,2018-10-19,0
Lsn-cecilia,2018-10-20,0
Lsn-cecilia,2018-10-21,0
Lsn-cecilia,2018-10-22,0
Lsn-cecilia,2018-10-23,0
shiyuning0987,2018-09-17,0
shiyuning0987,2018-09-18,0
shiyuning0987,2018-09-19,0
shiyuning0987,2018-09-20,0
shiyuning0987,2018-09-21,0
shiyuning0987,2018-09-22,0
shiyuning0987,2018-09-23,0
shiyuning0987,2018-09-24,0
shiyuning0987,2018-09-25,0
shiyuning0987,2018-09-26,0
shiyuning0987,2018-09-27,0
shiyuning0987,2018-09-28,0
shiyuning0987,2018-09-29,0
shiyuning0987,2018-09-30,0
shiyuning0987,2018-10-01,0
shiyuning0987,2018-10-02,0
shiyuning0987,2018-10-03,0
shiyuning0987,2018-10-04,0
shiyuning0987,2018-10-05,0
shiyuning0987,2018-10-06,0
shiyuning0987,2018-10-07,0
shiyuning0987,2018-10-08,0
shiyuning0987,2018-10-09,0
shiyuning0987,2018-10-10,0
shiyuning0987,2018-10-11,0
shiyuning0987,2018-10-12,0
shiyuning0987,2018-10-13,0
shiyuning0987,2018-10-14,0
shiyuning0987,2018-10-15,0
shiyuning0987,2018-10-16,0
shiyuning0987,2018-10-17,1
shiyuning0987,2018-10-18,0
shiyuning0987,2018-10-19,0
shiyuning0987,2018-10-20,0
shiyuning0987,2018-10-21,0
shiyuning0987,2018-10-22,0
shiyuning0987,2018-10-23,2
ivywang958,2018-09-17,0
ivywang958,2018-09-18,0
ivywang958,2018-09-19,0
ivywang958,2018-09-20,0
ivywang958,2018-09-21,0
ivywang958,2018-09-22,0
ivywang958,2018-09-23,0
ivywang958,2018-09-24,0
ivywang958,2018-09-25,0
ivywang958,2018-09-26,0
ivywang958,2018-09-27,0
ivywang958,2018-09-28,5
ivywang958,2018-09-29,7
ivywang958,2018-09-30,4
ivywang958,2018-10-01,2
ivywang958,2018-10-02,4
ivywang958,2018-10-03,1
ivywang958,2018-10-04,2
ivywang958,2018-10-05,0
ivywang958,2018-10-06,0
ivywang958,2018-10-07,0
ivywang958,2018-10-08,2
ivywang958,2018-10-09,13
ivywang958,2018-10-10,1
ivywang958,2018-10-11,0
ivywang958,2018-10-12,1
ivywang958,2018-10-13,2
ivywang958,2018-10-14,0
ivywang958,2018-10-15,0
ivywang958,2018-10-16,0
ivywang958,2018-10-17,0
ivywang958,2018-10-18,0
ivywang958,2018-10-19,0
ivywang958,2018-10-20,0
ivywang958,2018-10-21,0
ivywang958,2018-10-22,7
ivywang958,2018-10-23,1
kaiwenxu94,2018-09-17,1
kaiwenxu94,2018-09-18,0
kaiwenxu94,2018-09-19,0
kaiwenxu94,2018-09-20,0
kaiwenxu94,2018-09-21,0
kaiwenxu94,2018-09-22,0
kaiwenxu94,2018-09-23,0
kaiwenxu94,2018-09-24,0
kaiwenxu94,2018-09-25,0
kaiwenxu94,2018-09-26,0
kaiwenxu94,2018-09-27,0
kaiwenxu94,2018-09-28,0
kaiwenxu94,2018-09-29,0
kaiwenxu94,2018-09-30,0
kaiwenxu94,2018-10-01,0
kaiwenxu94,2018-10-02,0
kaiwenxu94,2018-10-03,0
kaiwenxu94,2018-10-04,1
kaiwenxu94,2018-10-05,0
kaiwenxu94,2018-10-06,0
kaiwenxu94,2018-10-07,0
kaiwenxu94,2018-10-08,0
kaiwenxu94,2018-10-09,0
kaiwenxu94,2018-10-10,0
kaiwenxu94,2018-10-11,0
kaiwenxu94,2018-10-12,0
kaiwenxu94,2018-10-13,0
kaiwenxu94,2018-10-14,2
kaiwenxu94,2018-10-15,0
kaiwenxu94,2018-10-16,0
kaiwenxu94,2018-10-17,0
kaiwenxu94,2018-10-18,0
kaiwenxu94,2018-10-19,0
kaiwenxu94,2018-10-20,0
kaiwenxu94,2018-10-21,3
kaiwenxu94,2018-10-22,0
kaiwenxu94,2018-10-23,1
warrior960812,2018-09-17,0
warrior960812,2018-09-18,0
warrior960812,2018-09-19,0
warrior960812,2018-09-20,0
warrior960812,2018-09-21,0
warrior960812,2018-09-22,0
warrior960812,2018-09-23,0
warrior960812,2018-09-24,0
warrior960812,2018-09-25,0
warrior960812,2018-09-26,0
warrior960812,2018-09-27,0
warrior960812,2018-09-28,0
warrior960812,2018-09-29,0
warrior960812,2018-09-30,0
warrior960812,2018-10-01,0
warrior960812,2018-10-02,0
warrior960812,2018-10-03,0
warrior960812,2018-10-04,0
warrior960812,2018-10-05,0
warrior960812,2018-10-06,0
warrior960812,2018-10-07,0
warrior960812,2018-10-08,0
warrior960812,2018-10-09,0
warrior960812,2018-10-10,0
warrior960812,2018-10-11,1
warrior960812,2018-10-12,8
warrior960812,2018-10-13,0
warrior960812,2018-10-14,0
warrior960812,2018-10-15,0
warrior960812,2018-10-16,4
warrior960812,2018-10-17,0
warrior960812,2018-10-18,0
warrior960812,2018-10-19,0
warrior960812,2018-10-20,0
warrior960812,2018-10-21,8
warrior960812,2018-10-22,0
warrior960812,2018-10-23,3
Yang9305,2018-09-17,0
Yang9305,2018-09-18,0
Yang9305,2018-09-19,0
Yang9305,2018-09-20,0
Yang9305,2018-09-21,0
Yang9305,2018-09-22,1
Yang9305,2018-09-23,0
Yang9305,2018-09-24,0
Yang9305,2018-09-25,2
Yang9305,2018-09-26,0
Yang9305,2018-09-27,0
Yang9305,2018-09-28,0
Yang9305,2018-09-29,0
Yang9305,2018-09-30,0
Yang9305,2018-10-01,0
Yang9305,2018-10-02,0
Yang9305,2018-10-03,0
Yang9305,2018-10-04,0
Yang9305,2018-10-05,0
Yang9305,2018-10-06,0
Yang9305,2018-10-07,0
Yang9305,2018-10-08,0
Yang9305,2018-10-09,0
Yang9305,2018-10-10,0
Yang9305,2018-10-11,0
Yang9305,2018-10-12,0
Yang9305,2018-10-13,0
Yang9305,2018-10-14,0
Yang9305,2018-10-15,0
Yang9305,2018-10-16,0
Yang9305,2018-10-17,0
Yang9305,2018-10-18,0
Yang9305,2018-10-19,0
Yang9305,2018-10-20,1
Yang9305,2018-10-21,0
Yang9305,2018-10-22,0
Yang9305,2018-10-23,0
lullabymia,2018-09-17,0
lullabymia,2018-09-18,0
lullabymia,2018-09-19,0
lullabymia,2018-09-20,0
lullabymia,2018-09-21,2
lullabymia,2018-09-22,8
lullabymia,2018-09-23,0
lullabymia,2018-09-24,1
lullabymia,2018-09-25,1
lullabymia,2018-09-26,0
lullabymia,2018-09-27,2
lullabymia,2018-09-28,0
lullabymia,2018-09-29,8
lullabymia,2018-09-30,2
lullabymia,2018-10-01,0
lullabymia,2018-10-02,0
lullabymia,2018-10-03,0
lullabymia,2018-10-04,0
lullabymia,2018-10-05,0
lullabymia,2018-10-06,0
lullabymia,2018-10-07,0
lullabymia,2018-10-08,0
lullabymia,2018-10-09,0
lullabymia,2018-10-10,0
lullabymia,2018-10-11,0
lullabymia,2018-10-12,0
lullabymia,2018-10-13,3
lullabymia,2018-10-14,0
lullabymia,2018-10-15,0
lullabymia,2018-10-16,1
lullabymia,2018-10-17,0
lullabymia,2018-10-18,3
lullabymia,2018-10-19,0
lullabymia,2018-10-20,0
lullabymia,2018-10-21,0
lullabymia,2018-10-22,0
lullabymia,2018-10-23,0
yaonuan1995,2018-09-17,0
yaonuan1995,2018-09-18,0
yaonuan1995,2018-09-19,0
yaonuan1995,2018-09-20,0
yaonuan1995,2018-09-21,0
yaonuan1995,2018-09-22,0
yaonuan1995,2018-09-23,0
yaonuan1995,2018-09-24,0
yaonuan1995,2018-09-25,0
yaonuan1995,2018-09-26,0
yaonuan1995,2018-09-27,0
yaonuan1995,2018-09-28,0
yaonuan1995,2018-09-29,0
yaonuan1995,2018-09-30,0
yaonuan1995,2018-10-01,0
yaonuan1995,2018-10-02,0
yaonuan1995,2018-10-03,0
yaonuan1995,2018-10-04,0
yaonuan1995,2018-10-05,0
yaonuan1995,2018-10-06,0
yaonuan1995,2018-10-07,0
yaonuan1995,2018-10-08,0
yaonuan1995,2018-10-09,0
yaonuan1995,2018-10-10,0
yaonuan1995,2018-10-11,0
yaonuan1995,2018-10-12,0
yaonuan1995,2018-10-13,0
yaonuan1995,2018-10-14,0
yaonuan1995,2018-10-15,0
yaonuan1995,2018-10-16,0
yaonuan1995,2018-10-17,0
yaonuan1995,2018-10-18,0
yaonuan1995,2018-10-19,0
yaonuan1995,2018-10-20,0
yaonuan1995,2018-10-21,1
yaonuan1995,2018-10-22,1
yaonuan1995,2018-10-23,4
18426425,2018-09-17,4
18426425,2018-09-18,0
18426425,2018-09-19,0
18426425,2018-09-20,0
18426425,2018-09-21,0
18426425,2018-09-22,0
18426425,2018-09-23,0
18426425,2018-09-24,0
18426425,2018-09-25,0
18426425,2018-09-26,0
18426425,2018-09-27,0
18426425,2018-09-28,0
18426425,2018-09-29,0
18426425,2018-09-30,0
18426425,2018-10-01,0
18426425,2018-10-02,0
18426425,2018-10-03,0
18426425,2018-10-04,0
18426425,2018-10-05,0
18426425,2018-10-06,0
18426425,2018-10-07,0
18426425,2018-10-08,0
18426425,2018-10-09,0
18426425,2018-10-10,0
18426425,2018-10-11,0
18426425,2018-10-12,0
18426425,2018-10-13,0
18426425,2018-10-14,0
18426425,2018-10-15,0
18426425,2018-10-16,0
18426425,2018-10-17,0
18426425,2018-10-18,0
18426425,2018-10-19,0
18426425,2018-10-20,0
18426425,2018-10-21,12
18426425,2018-10-22,0
18426425,2018-10-23,7
Zmh951010,2018-09-17,0
Zmh951010,2018-09-18,0
Zmh951010,2018-09-19,0
Zmh951010,2018-09-20,0
Zmh951010,2018-09-21,0
Zmh951010,2018-09-22,0
Zmh951010,2018-09-23,0
Zmh951010,2018-09-24,0
Zmh951010,2018-09-25,0
Zmh951010,2018-09-26,0
Zmh951010,2018-09-27,0
Zmh951010,2018-09-28,0
Zmh951010,2018-09-29,3
Zmh951010,2018-09-30,0
Zmh951010,2018-10-01,0
Zmh951010,2018-10-02,0
Zmh951010,2018-10-03,0
Zmh951010,2018-10-04,0
Zmh951010,2018-10-05,0
Zmh951010,2018-10-06,0
Zmh951010,2018-10-07,0
Zmh951010,2018-10-08,0
Zmh951010,2018-10-09,0
Zmh951010,2018-10-10,0
Zmh951010,2018-10-11,0
Zmh951010,2018-10-12,0
Zmh951010,2018-10-13,0
Zmh951010,2018-10-14,0
Zmh951010,2018-10-15,0
Zmh951010,2018-10-16,0
Zmh951010,2018-10-17,0
Zmh951010,2018-10-18,0
Zmh951010,2018-10-19,0
Zmh951010,2018-10-20,0
Zmh951010,2018-10-21,0
Zmh951010,2018-10-22,2
Zmh951010,2018-10-23,1
ZHANGboh,2018-09-17,0
ZHANGboh,2018-09-18,0
ZHANGboh,2018-09-19,0
ZHANGboh,2018-09-20,0
ZHANGboh,2018-09-21,0
ZHANGboh,2018-09-22,0
ZHANGboh,2018-09-23,0
ZHANGboh,2018-09-24,0
ZHANGboh,2018-09-25,0
ZHANGboh,2018-09-26,0
ZHANGboh,2018-09-27,0
ZHANGboh,2018-09-28,0
ZHANGboh,2018-09-29,0
ZHANGboh,2018-09-30,0
ZHANGboh,2018-10-01,0
ZHANGboh,2018-10-02,0
ZHANGboh,2018-10-03,0
ZHANGboh,2018-10-04,0
ZHANGboh,2018-10-05,0
ZHANGboh,2018-10-06,0
ZHANGboh,2018-10-07,0
ZHANGboh,2018-10-08,0
ZHANGboh,2018-10-09,0
ZHANGboh,2018-10-10,0
ZHANGboh,2018-10-11,0
ZHANGboh,2018-10-12,0
ZHANGboh,2018-10-13,0
ZHANGboh,2018-10-14,0
ZHANGboh,2018-10-15,0
ZHANGboh,2018-10-16,1
ZHANGboh,2018-10-17,0
ZHANGboh,2018-10-18,0
ZHANGboh,2018-10-19,0
ZHANGboh,2018-10-20,0
ZHANGboh,2018-10-21,0
ZHANGboh,2018-10-22,0
ZHANGboh,2018-10-23,0
ZhangHuimin97,2018-09-17,0
ZhangHuimin97,2018-09-18,0
ZhangHuimin97,2018-09-19,0
ZhangHuimin97,2018-09-20,0
ZhangHuimin97,2018-09-21,0
ZhangHuimin97,2018-09-22,0
ZhangHuimin97,2018-09-23,0
ZhangHuimin97,2018-09-24,0
ZhangHuimin97,2018-09-25,0
ZhangHuimin97,2018-09-26,0
ZhangHuimin97,2018-09-27,0
ZhangHuimin97,2018-09-28,0
ZhangHuimin97,2018-09-29,0
ZhangHuimin97,2018-09-30,0
ZhangHuimin97,2018-10-01,0
ZhangHuimin97,2018-10-02,0
ZhangHuimin97,2018-10-03,0
ZhangHuimin97,2018-10-04,0
ZhangHuimin97,2018-10-05,0
ZhangHuimin97,2018-10-06,0
ZhangHuimin97,2018-10-07,0
ZhangHuimin97,2018-10-08,0
ZhangHuimin97,2018-10-09,0
ZhangHuimin97,2018-10-10,0
ZhangHuimin97,2018-10-11,0
ZhangHuimin97,2018-10-12,0
ZhangHuimin97,2018-10-13,0
ZhangHuimin97,2018-10-14,0
ZhangHuimin97,2018-10-15,0
ZhangHuimin97,2018-10-16,0
ZhangHuimin97,2018-10-17,0
ZhangHuimin97,2018-10-18,0
ZhangHuimin97,2018-10-19,0
ZhangHuimin97,2018-10-20,0
ZhangHuimin97,2018-10-21,0
ZhangHuimin97,2018-10-22,0
ZhangHuimin97,2018-10-23,3
zhangjingwei0512,2018-09-17,3
zhangjingwei0512,2018-09-18,1
zhangjingwei0512,2018-09-19,4
zhangjingwei0512,2018-09-20,1
zhangjingwei0512,2018-09-21,0
zhangjingwei0512,2018-09-22,0
zhangjingwei0512,2018-09-23,0
zhangjingwei0512,2018-09-24,0
zhangjingwei0512,2018-09-25,0
zhangjingwei0512,2018-09-26,0
zhangjingwei0512,2018-09-27,0
zhangjingwei0512,2018-09-28,0
zhangjingwei0512,2018-09-29,0
zhangjingwei0512,2018-09-30,0
zhangjingwei0512,2018-10-01,0
zhangjingwei0512,2018-10-02,1
zhangjingwei0512,2018-10-03,0
zhangjingwei0512,2018-10-04,0
zhangjingwei0512,2018-10-05,0
zhangjingwei0512,2018-10-06,0
zhangjingwei0512,2018-10-07,0
zhangjingwei0512,2018-10-08,0
zhangjingwei0512,2018-10-09,0
zhangjingwei0512,2018-10-10,0
zhangjingwei0512,2018-10-11,0
zhangjingwei0512,2018-10-12,7
zhangjingwei0512,2018-10-13,0
zhangjingwei0512,2018-10-14,0
zhangjingwei0512,2018-10-15,0
zhangjingwei0512,2018-10-16,0
zhangjingwei0512,2018-10-17,0
zhangjingwei0512,2018-10-18,0
zhangjingwei0512,2018-10-19,0
zhangjingwei0512,2018-10-20,0
zhangjingwei0512,2018-10-21,0
zhangjingwei0512,2018-10-22,0
zhangjingwei0512,2018-10-23,1
NicoleZZC,2018-09-17,2
NicoleZZC,2018-09-18,1
NicoleZZC,2018-09-19,0
NicoleZZC,2018-09-20,0
NicoleZZC,2018-09-21,0
NicoleZZC,2018-09-22,0
NicoleZZC,2018-09-23,0
NicoleZZC,2018-09-24,0
NicoleZZC,2018-09-25,0
NicoleZZC,2018-09-26,0
NicoleZZC,2018-09-27,0
NicoleZZC,2018-09-28,0
NicoleZZC,2018-09-29,0
NicoleZZC,2018-09-30,0
NicoleZZC,2018-10-01,0
NicoleZZC,2018-10-02,0
NicoleZZC,2018-10-03,0
NicoleZZC,2018-10-04,0
NicoleZZC,2018-10-05,0
NicoleZZC,2018-10-06,0
NicoleZZC,2018-10-07,0
NicoleZZC,2018-10-08,0
NicoleZZC,2018-10-09,0
NicoleZZC,2018-10-10,0
NicoleZZC,2018-10-11,0
NicoleZZC,2018-10-12,0
NicoleZZC,2018-10-13,0
NicoleZZC,2018-10-14,0
NicoleZZC,2018-10-15,0
NicoleZZC,2018-10-16,0
NicoleZZC,2018-10-17,0
NicoleZZC,2018-10-18,0
NicoleZZC,2018-10-19,0
NicoleZZC,2018-10-20,0
NicoleZZC,2018-10-21,0
NicoleZZC,2018-10-22,1
NicoleZZC,2018-10-23,13
